seed,user,username
A,3995630,Rampax
A,16436446,Harumi Ena
A,18112324,riwoto
A,13865320,Snowy5441
A,15271985,AHotDawg
A,11918602,mabayu
A,14623152,stumphole145
A,5585377,Chibi Maruko
A,3645490,Agagak
A,12443104,iraozm
A,18120010,callmeAWOL
A,19957490,Leeoch
A,16391241,RyzenPP
A,15086959,MadDdDio
A,13359670,juckport
A,12999285,ohshitweeb
A,6996926,Makise Kurisu
A,18837750,crazyclee
A,11058193,GodKnows
A,9375317,not_aweeb
A,11621976,Racers03
A,13510754,MistEclipse
A,21343656,Sdw_Banana
A,15508517,Akoyan
A,18526310,skipat
A,20886222,LDistraction
A,28234504,Snacey
A,12616268,Fancyyy
A,9773374,Nabari Anju
A,20997604,sushimifish
A,12841949,seoster
A,17422809,Chomps
B,18361852,YipHan
B,12232372,Hikaruuu
B,16452667,Tmpura
B,12329993,cykip
B,12818249,IvanOfficial
B,9229968,GG_com2016
B,8691555,Sonic-
B,6574787,Welon
B,27171109,Qas_Z1
B,26344576,Brittania
B,10911621,[MY]ISPROGILER
B,26357728,CelestiaKT
B,8391159,Alippie
B,18974068,xdSkywalker
B,19907006,Trixn
B,14671577,RyoYamada
B,18885362,kyotoryu
B,3999924,ManzMalaya
B,20307190,Makimm
B,25016898,DemonRu
B,29169624,Takusa_
B,18415772,ShowGun
B,18814186,tfku
B,12233680,NyuPenyu
B,12464372,KPMY
B,7138499,Iyouka
B,14454744,Lollicornzi
B,16263436,ineedyou
B,13866023,Mahiru Shiina
B,16099730,daruly
B,11274429,koliwil
B,16531339,KujouZhaar
C,9124278,Axorite
C,11314361,Insurgent47
C,13855154,koksan9909
C,27306661,_bakon
C,32752701,Kuroyuri-
C,17222232,Jy Daphne0715
C,33475527,rukaa
C,20128300,kenzolol
C,23282022,kayoko1
C,20910384,Xylvie
C,3995630,Rampax
C,16436446,Harumi Ena
C,18112324,riwoto
C,13865320,Snowy5441
C,15271985,AHotDawg
C,11918602,mabayu
C,14623152,stumphole145
C,5585377,Chibi Maruko
C,3645490,Agagak
C,12443104,iraozm
C,18120010,callmeAWOL
C,19957490,Leeoch
C,16391241,RyzenPP
C,15086959,MadDdDio
C,13359670,juckport
C,12999285,ohshitweeb
C,6996926,Makise Kurisu
C,18837750,crazyclee
C,11058193,GodKnows
C,9375317,not_aweeb
C,11621976,Racers03
C,13510754,MistEclipse